id,title,type,description,release_year,age_certification,runtime,genres,production_countries,seasons,imdb_id,imdb_score,imdb_votes,tmdb_popularity,tmdb_score
tm1300,A Charlie Brown Christmas,MOVIE,"When Charlie Brown complains about the overwhelming materialism that he sees amongst everyone during the Christmas season, Lucy suggests that he become director of the school Christmas pageant. Charlie Brown accepts, but is a frustrating struggle. When an attempt to restore the proper spirit with a forlorn little fir Christmas tree fails, he needs Linus' help to learn the meaning of Christmas.",1965,G,25,"['comedy', 'drama', 'family', 'music', 'animation']",['US'],,tt0059026,8.3,40328.0,10.848,7.688
tm71152,"It's the Great Pumpkin, Charlie Brown",MOVIE,"This classic ""Peanuts"" tale focuses on the thumb-sucking, blanket-holding Linus, and his touching faith in the ""Great Pumpkin."" When Linus discovers that no one else believes in the creature, he sets out to prove that the Pumpkin's no myth—by spending the night alone in a pumpkin patch.",1966,G,25,"['animation', 'comedy', 'family']",['US'],,tt0060550,8.2,20299.0,12.458,7.474
tm2562,A Charlie Brown Thanksgiving,MOVIE,"Turkey, cranberries, pumpkin pie... and the Peanuts gang to share them with. This is going to be the greatest Thanksgiving ever! The fun begins when Peppermint Patty invites herself and her pals to Charlie Brown's house for a REALLY big turkey party. Good grief! All our hero can cook is cold cereal and maybe toast. Is Charlie Brown doomed? Not when Linus, Snoopy and Woodstock chip in to save the (Thanksgiving) Day. With such good friends, Charlie Brown - and all of us - have so many reasons to be thankful.",1973,G,25,"['family', 'animation', 'comedy']",['US'],,tt0068359,7.7,11406.0,12.591,7.311
tm125274,"Be My Valentine, Charlie Brown",MOVIE,"It's Valentine's Day again and Charlie Brown dreams the seemingly hopeless dream to receiving a valentine from anyone. All the while, the rest of the gang have their own trials whether it be Linus' struggle to get the biggest card he can for his beloved teacher, or Lucy trying to get some token from Schroeder while Snoopy and Woodstock are having fun spearing valentines on each other's nose.",1975,G,25,"['animation', 'family', 'romance', 'comedy']",['US'],,tt0072687,7.4,2777.0,6.981,7.0
tm106607,"It's the Easter Beagle, Charlie Brown",MOVIE,"Charlie Brown, Linus and the entire Peanuts gang are off on a lively Easter egg hunt. They suspect they've spotted the Easter Bunny … but the trouble is, he looks a lot like a certain beagle who's near and dear to Charlie Brown's heart. Is it truly the Easter Bunny, or is it just the irrepressible Snoopy playing a trick on the kids?",1974,G,25,"['family', 'animation', 'comedy']",['US'],,tt0071679,7.5,3001.0,6.172,6.6
ts5136,Fraggle Rock,SHOW,"The Fraggles are a fun-loving community of creatures who live in a subterranean fantasy land where they love to play, sing and dance their cares away, sharing their world with the tiny Doozers and the giant Gorgs. The series teaches empathy and tolerance and encourages children to understand people different from themselves.",1983,TV-G,26,"['scifi', 'animation', 'comedy', 'family', 'fantasy']",['US'],5.0,tt0346266,7.9,7939.0,19.778,7.4
tm115354,"Happy New Year, Charlie Brown",MOVIE,"It's the night of Peppermint Patty’s New Year’s Eve bash, but Charlie Brown has to write a book report about War and Peace. Hoping to join the fun for a special dance with the Little Red-Haired Girl, he tries desperately to finish in time.",1986,G,28,"['animation', 'comedy', 'family']",['US'],,tt0123099,7.2,1849.0,4.419,6.475
tm62080,Out of Sight,MOVIE,"Meet Jack Foley, a smooth criminal who bends the law and is determined to make one last heist. Karen Sisco is a federal marshal who chooses all the right moves … and all the wrong guys. Now they're willing to risk it all to find out if there's more between them than just the law.",1998,R,123,"['comedy', 'crime', 'drama', 'romance', 'thriller']",['US'],,tt0120780,7.0,95024.0,12.768,6.667
tm57265,Entrapment,MOVIE,"Two thieves, who travel in elegant circles, try to outsmart each other and, in the process, end up falling in love.",1999,PG-13,112,"['thriller', 'romance', 'drama', 'action', 'crime']","['US', 'GB']",,tt0137494,6.3,118492.0,19.083,6.2
tm125504,"It's Christmastime Again, Charlie Brown",MOVIE,"As the holiday season rolls around and all the Peanuts gang are getting ready for it. Whether it be Charlie Brown struggling to raise money for his girlfriend or Sally and Peppermint Patty struggling to rehearse and memorize their one word lines for the Christmas pageant, these kids try to keep with the Christmas spirit while Snoopy has his mischief to do.",1992,G,22,"['animation', 'family', 'comedy']",['US'],,tt0104534,6.9,2815.0,10.325,6.2
tm134144,The Italian Job,MOVIE,"Charlie Croker pulled off the crime of a lifetime. The one thing that he didn't plan on was being double-crossed. Along with a drop-dead gorgeous safecracker, Croker and his team take off to re-steal the loot and end up in a pulse-pounding, pedal-to-the-metal chase that careens up, down, above and below the streets of Los Angeles.",2003,PG-13,111,"['action', 'crime', 'thriller']","['IT', 'GB', 'US']",,tt0317740,7.0,374255.0,22.235,6.752
tm145132,Matchstick Men,MOVIE,A phobic con artist and his protege are on the verge of pulling off a lucrative swindle when the con artist's teenage daughter arrives unexpectedly.,2003,PG-13,116,"['drama', 'crime', 'thriller', 'comedy']",['US'],,tt0325805,7.3,133339.0,8.395,7.0
ts31643,Long Way Round,SHOW,"In 2004 Ewan McGregor and Charley Boorman embarked on an epic challenge to bike 20,000-miles across 12 countries and 19 time zones in just 115 days. Watch as two friends ride around the world together and, against all the odds, realize their dream.",2004,TV-PG,45,"['documentation', 'european']",['GB'],1.0,tt0403778,8.6,14493.0,8.637,8.5
ts22073,Long Way Down,SHOW,"Three years after Long Way Round, Ewan McGregor and Charley Boorman set off on a 15,000-mile journey from the northernmost tip of Scotland to the southernmost tip of South Africa, mixing their love of motorcycles with the lure of far-flung roads.",2007,TV-MA,48,"['documentation', 'european']",['GB'],2.0,tt0959858,8.6,1511.0,8.093,8.231
tm136009,"I Want a Dog for Christmas, Charlie Brown",MOVIE,"Linus and Lucy's younger brother Rerun wants a dog for Christmas, and Snoopy's brother Spike may be the answer.",2003,G,49,"['animation', 'comedy', 'family']",['US'],,tt0387301,7.0,1556.0,6.378,5.9
tm109971,Charlie Brown's Christmas Tales,MOVIE,"Tis the season for the cheer and charm of the Peanuts kids - and this delight special offers five segments full of unforgettable moments. Snoopy works as a bell-ringer to raise money and tries making peace with the ferocious cat next door. Linus strives to strike the right tone in his letter to Santa - and his friendship with an indecisive girl at school. Sally's idea about gift giving and the identity of Santa may be unusual - but her strange notion about how to obtain a Christmas tree surprisingly does the job. Lucy tries awfully hard to be nice...and still coax everyone around her to buy her presents. Charlie Brown and Sally wait up for Santa (a surprisingly short man), who spreads Christmas gift cheer further than they had thought. Make merry!",2002,,18,"['comedy', 'animation', 'family']",['US'],,tt0382602,7.0,1323.0,4.45,7.0
tm116453,A Charlie Brown Valentine,MOVIE,"Lovesick Charlie Brown hopes – still – to get a valentine from the Little Red-Haired Girl, as does Sally from Linus, Lucy from Schroeder and Peppermint Patty from Charlie Brown.",2002,,25,"['family', 'animation', 'romance', 'comedy']",['US'],,tt0284952,7.1,1175.0,5.042,6.5
tm48817,The Five-Year Engagement,MOVIE,"Exactly one year after Tom meets Violet, he surprises her with a wedding ring. By all accounts, Tom and Violet are destined for their happily ever after. However, this engaged couple just keep getting tripped up on the long walk down the aisle.",2012,R,124,"['comedy', 'drama', 'romance']",['US'],,tt1195478,6.2,100026.0,10.394,5.835
ts58149,Carpool Karaoke: The Series,SHOW,Celebrity pairings ride along in a car together as they sing tunes from their personal playlists and surprise fans who don’t expect to see big stars belting out tunes one lane over. Based on the segment on The Late Late Show with James Corden.,2017,TV-14,21,"['comedy', 'reality', 'music']",['US'],5.0,tt6396082,5.6,382.0,14.664,6.1
ts224087,Ted Lasso,SHOW,"Ted Lasso, an American football coach, moves to England when he’s hired to manage a soccer team—despite having no experience. With cynical players and a doubtful town, will he get them to see the Ted Lasso Way?",2020,TV-MA,37,"['drama', 'comedy', 'sport']",['GB'],3.0,tt10986410,8.8,233075.0,127.179,8.459
ts89568,Servant,SHOW,A Philadelphia couple are in mourning after an unspeakable tragedy creates a rift in their marriage and opens the door for a mysterious force to enter their home.,2019,TV-MA,29,"['drama', 'thriller', 'horror']",['US'],4.0,tt8068860,7.5,39500.0,125.315,7.635
ts89431,For All Mankind,SHOW,"Explore an aspirational world where NASA and the space program remained a priority and a focal point of our hopes and dreams as told through the lives of NASA astronauts, engineers, and their families.",2019,TV-MA,61,"['drama', 'scifi', 'war']",['US'],3.0,tt7772588,8.0,46741.0,103.65,7.693
ts287697,Mythic Quest,SHOW,"Meet the team behind the biggest multiplayer video game of all time. But in a workplace focused on building worlds, molding heroes, and creating legends, the most hard-fought battles don’t occur in the game—they happen in the office.",2020,TV-MA,27,['comedy'],['US'],3.0,tt8879940,7.8,27797.0,46.479,7.4
ts81645,Truth Be Told,SHOW,"Descend into the world of true-crime podcasts with Poppy Parnell, who risks everything—including her life—to pursue truth and justice.",2019,TV-MA,45,"['drama', 'thriller', 'crime']",['US'],3.0,tt7821582,7.1,14678.0,78.799,7.3
ts222358,The Morning Show,SHOW,"A behind-the-scenes look at the lives of the people who help America wake up in the morning, exploring the unique challenges faced by the men and women who carry out this daily televised ritual.",2019,TV-MA,57,"['drama', 'comedy']",['US'],3.0,tt7203552,8.3,106110.0,35.848,7.9
ts82316,See,SHOW,"A virus has decimated humankind. Those who survived emerged blind. Centuries later when twins are born with the mythic ability to see, their father must protect his tribe against a threatened queen.",2019,TV-MA,54,"['scifi', 'action', 'drama']",['CA'],3.0,tt7949218,7.6,87974.0,127.033,8.235
tm531724,The Banker,MOVIE,"In the 1960s, two African-American entrepreneurs hire a working-class white man to pretend to be the head of their business empire while they pose as a janitor and chauffeur.",2020,R,120,['drama'],['US'],,tt6285944,7.3,30235.0,24.286,7.57
tm408218,Greyhound,MOVIE,"A first-time captain leads a convoy of allied ships carrying thousands of soldiers across the treacherous waters of the “Black Pit” to the front lines of WW2. With no air cover protection for 5 days, the captain and his convoy must battle the surrounding enemy Nazi U-boats in order to give the allies a chance to win the war.",2020,PG-13,91,"['drama', 'history', 'war', 'action']","['CN', 'US', 'CA']",,tt6048922,7.0,100904.0,29.239,7.4
ts235964,Amazing Stories,SHOW,"Each episode transports the audience to worlds of wonder through the lens of today’s most imaginative filmmakers, directors and writers. A reimagining of the original anthology series by Steven Spielberg.",2020,TV-PG,51,"['action', 'scifi', 'drama', 'fantasy']",['US'],1.0,tt5165368,6.3,6443.0,44.041,7.5
ts237817,Tehran,SHOW,A Mossad agent embarks on her first mission as a computer hacker in her home town of Tehran.,2020,TV-MA,46,"['drama', 'action', 'crime', 'thriller']",['IL'],2.0,tt10577736,7.6,20021.0,31.031,7.6
ts81913,Little America,SHOW,"An anthology series that goes beyond the headlines to look at the funny, romantic, heartfelt, inspiring and surprising stories of immigrants in America at a time when they are more relevant than ever.",2020,TV-14,34,"['drama', 'comedy']",['US'],2.0,tt8000674,7.6,3555.0,12.591,7.0
ts285617,Trying,SHOW,"All Nikki and Jason want is a baby—the one thing they can’t have. So they decide to adopt. With their dysfunctional friends, screwball families, and chaotic lives, will the adoption panel agree that they’re ready to be parents?",2020,TV-14,29,"['comedy', 'drama', 'romance']",['GB'],3.0,tt10982034,7.9,9220.0,10.699,7.938
ts317072,Dickinson,SHOW,"Emily Dickinson. Poet. Daughter. Total rebel. In this coming-of-age story, Emily’s determined to become the world’s greatest poet.",2019,TV-14,31,"['comedy', 'drama', 'romance']",['US'],3.0,tt8518136,7.6,17140.0,60.23,8.668
ts89301,Defending Jacob,SHOW,A family’s lives are irreparably disrupted when the 14-year-old son is accused of murdering a fellow classmate.,2020,TV-MA,51,"['drama', 'thriller', 'crime']",['US'],1.0,tt2304589,7.8,57859.0,26.196,8.4
ts112498,Central Park,SHOW,"An animated musical series that tells the story of how a family of caretakers, who live and work in Central Park, end up saving the park and basically the world.",2020,TV-PG,24,"['animation', 'comedy']",['US'],3.0,tt8129006,6.9,3942.0,15.072,6.8
ts224872,Home,SHOW,A never-before-seen look inside the world’s most innovative homes with each episode unveiling the boundary-pushing imagination of the visionaries who dared to dream and build them.,2020,TV-PG,34,['documentation'],['US'],2.0,tt8068900,7.5,853.0,8.093,7.7
ts128408,Home Before Dark,SHOW,A young girl from the big city uncovers clues to an unsolved cold case while visiting her father's small lakeside town.,2020,TV-14,45,"['crime', 'drama', 'thriller']",['US'],2.0,tt6053512,7.5,11261.0,22.234,7.603
ts222361,Ghostwriter,SHOW,"When a ghost haunts a neighborhood bookstore and starts releasing fictional characters into the real world, four kids must team up to solve an exciting mystery surrounding the ghost’s unfinished business.",2019,TV-G,25,"['scifi', 'action', 'family', 'fantasy']",['CA'],3.0,tt11004134,5.7,995.0,19.606,7.3
tm916249,Fireball: Visitors from Darker Worlds,MOVIE,"This remarkable journey across our planet and universe explores how meteorites, shooting stars, and deep impacts have awoken our wonder about other realms—and make us rethink our destinies.",2020,PG,97,['documentation'],"['AT', 'GB', 'US']",,tt9203832,7.0,3234.0,7.01,6.6
tm314230,Wolfwalkers,MOVIE,"In a time of superstition and magic, when wolves are seen as demonic and nature an evil to be tamed, a young apprentice hunter comes to Ireland with her father to wipe out the last pack. But when she saves a wild native girl, their friendship leads her to discover the world of the Wolfwalkers and transform her into the very thing her father is tasked to destroy.",2020,PG,103,"['fantasy', 'thriller', 'animation', 'action', 'drama', 'family']","['FR', 'IE', 'LU', 'US', 'CN']",,tt5198068,8.0,34102.0,23.004,8.3
tm850365,Beastie Boys Story,MOVIE,"Here’s a little story they’re about to tell… Mike Diamond and Adam Horovitz share the story of their band and 40 years of friendship in a live documentary directed by friend, collaborator, and their former grandfather, Spike Jonze.",2020,,119,"['documentation', 'music']","['GB', 'US']",,tt11615290,7.7,7098.0,12.509,7.7
ts251860,Long Way Up,SHOW,"Follow Ewan McGregor and his friend Charley Boorman as they travel on electric Harley-Davidsons 13,000 miles through Central and South America. A follow up to previous series Long Way Round and Long Way Down.",2020,TV-14,47,"['documentation', 'reality']",['GB'],1.0,tt12824922,8.2,4658.0,7.959,7.4
tm861785,On the Rocks,MOVIE,"Faced with sudden doubts about her marriage, a young New York mother teams up with her larger-than-life playboy father to tail her husband.",2020,R,96,"['drama', 'comedy', 'romance']",['US'],,tt9606374,6.4,33400.0,9.128,6.1
tm845534,Boys State,MOVIE,"In an unusual experiment, a thousand 17-year-old boys from Texas join together to build a representative government from the ground up.",2020,PG-13,109,['documentation'],['US'],,tt11095742,7.6,5292.0,9.81,7.0
ts252837,Tiny World,SHOW,"This docuseries showcases nature's lesser-known tiny heroes. Spotlighting small creatures and the extraordinary things they do to survive, each episode is filled with surprising stories and spectacular cinematography.",2020,TV-G,30,['documentation'],['US'],2.0,tt13007904,8.9,2306.0,13.36,8.0
ts221425,Oprah's Book Club,SHOW,Get a front row seat to unguarded conversations with incredible authors. It’s a book club for today’s world.,2019,TV-14,32,[],['US'],1.0,tt11191198,4.7,143.0,3.464,
ts223910,Visible: Out On Television,SHOW,"Explore the history of the LGBTQ movement through the lens of TV in this five-part docuseries. Combining archival footage with new interviews, it looks at homophobia, invisibility, the evolution of LGBTQ characters, and coming out in the TV industry.",2020,TV-MA,62,"['documentation', 'history']",['US'],1.0,tt11610268,8.3,1192.0,5.506,6.1
ts237958,Greatness Code,SHOW,"Iconic athletes pull back the curtain on a pivotal career moment when they touched greatness. A stylized hybrid of live action and visual effects, this short-form docuseries sheds new light on the sports legends you thought you knew.",2020,TV-PG,6,"['documentation', 'sport']",['US'],2.0,tt12615492,4.7,374.0,4.863,6.556
ts237884,Losing Alice,SHOW,"The story of Alice, an ambitious 47 year old female film director who becomes obsessed with 24 year old femme-fatale Sophie and eventually surrenders all moral integrity in order to achieve power, success and unlimited relevance.",2020,TV-MA,48,"['drama', 'romance', 'thriller']",['IL'],1.0,tt12573496,6.6,1827.0,9.072,6.886
ts251727,The Oprah Conversation,SHOW,"Oprah leads intimate discussions with today’s foremost newsmakers, thought leaders, and masters of their craft. Bringing truth and perspective to a range of topics shaping our world, they reveal gripping stories of human connection.",2020,TV-14,40,['documentation'],['US'],1.0,tt12792004,3.2,345.0,4.422,10.0
ts236744,Fraggle Rock: Rock On!,SHOW,"The Fraggles might be apart in separate caves, but they can still find ways to have fun together! Join Gobo, Red, Boober, Mokey, Wembley, and Uncle Travelling Matt for stories and songs that show everyone how we're all connected.",2020,TV-G,6,['family'],['US'],1.0,tt12187270,6.3,144.0,3.272,8.2
tm446414,Hala,MOVIE,"Meet 17-year-old Hala, who struggles to balance being a suburban teenager with her traditional Muslim upbringing. As she comes into her own, Hala finds herself grappling with a secret that threatens to unravel her family.",2019,R,93,['drama'],['US'],,tt6348410,6.2,2631.0,4.893,6.3
ts255160,Earth at Night in Color,SHOW,"Filmed across six continents, this docuseries uses cutting-edge camera technology to capture animals' nocturnal lives, revealing new behaviours filmed in full color like never before.",2020,TV-PG,29,['documentation'],['US'],2.0,tt13008036,8.2,1463.0,9.012,8.429
ts256068,Stillwater,SHOW,"Siblings Karl, Addy and Michael have a very special next-door neighbor: a wise panda named Stillwater. His friendship and stories give them new perspectives on the world, themselves, and each other.",2020,TV-Y7,0,"['animation', 'family']",['US'],3.0,tt13135714,8.3,484.0,5.936,8.7
ts109866,Little Voice,SHOW,"A love letter to the diverse musicality of New York, it explores the universal journey of finding your authentic voice in your early twenties.",2020,TV-MA,30,"['drama', 'music', 'romance', 'comedy']",['US'],1.0,tt8521376,7.2,2550.0,10.885,8.118
ts216684,Snoopy in Space,SHOW,"Blast off with Snoopy as he fulfills his dream to become a NASA astronaut. Joined by Charlie Brown and the rest of the Peanuts gang, Snoopy takes command of the International Space Station and explores the moon and beyond.",2019,TV-G,8,"['animation', 'scifi', 'comedy', 'family']",['US'],2.0,tt10659366,7.6,727.0,13.506,7.733
tm432274,The Elephant Queen,MOVIE,"Join Athena, the majestic matriarch, as she leads her elephant herd across an unforgiving African landscape.",2019,,96,"['documentation', 'family']",['GB'],,tt6722976,7.8,2095.0,4.765,7.5
tm940705,Bruce Springsteen's Letter to You,MOVIE,"A tribute to The E Street Band, rock ‘n’ roll, and the way music has shaped Bruce Springsteen’s life, this documentary captures Bruce reflecting on love and loss while recording with his full band for the first time since Born in the U.S.A.",2020,,90,"['documentation', 'music']",['US'],,tt13280070,7.3,1087.0,6.209,7.7
ts216818,Dear...,SHOW,An inventive approach to biographies of iconic figures in society by using letters written by those whose lives have been changed through their work.,2020,TV-MA,31,['documentation'],['US'],2.0,tt10597242,7.0,371.0,3.079,7.8
ts252865,Becoming You,SHOW,"Told through the eyes of over 100 kids across the globe, this docuseries chronicles how children learn to think, speak, move, and love from birth to age five.",2020,TV-G,41,['documentation'],['US'],1.0,tt13007964,7.9,442.0,4.518,5.0
tm850546,Here We Are: Notes for Living on Planet Earth,MOVIE,"On the eve of Earth Day, a precocious seven-year-old learns about the wonders of the planet from his parents—and a mysterious exhibit at the aptly named Museum of Everything. Based on the best-selling children's book by Oliver Jeffers.",2020,G,36,['animation'],['GB'],,tt11692010,,,12.513,7.935
ts215388,Helpsters,SHOW,"Cody and the Helpsters are a team of monsters who love to solve problems. Whether it's planning a party or mastering a magic trick, the Helpsters can figure anything out - because everything starts with a plan.",2019,TV-Y,16,"['family', 'music', 'comedy']",['US'],3.0,tt10515488,6.8,213.0,8.158,8.5
tm976396,Mariah Carey's Magical Christmas Special,MOVIE,"Faced with a holiday cheer crisis, the North Pole knows there's only one person who can save the day: Santa’s great friend, Mariah Carey. Combining musical performances, dynamic dancing and groundbreaking animation, the undisputed Queen of Christmas jumps into action to create a holiday spectacular to make the whole world merry.",2020,,43,"['family', 'music', 'fantasy']",['US'],,tt13017992,5.8,1438.0,6.946,6.4
ts233254,Doug Unplugs,SHOW,This is followed by a young robot named Doug.,2020,TV-Y,20,"['animation', 'family']",['US'],2.0,tt11690802,7.1,82.0,5.679,10.0
tm824584,Dads,MOVIE,"A joyful exploration of modern fatherhood, this doc gathers the testimonies of dads around the world, from famous comedians to everyday parents. Their unfiltered stories speak to the beauty, struggles, and ridiculous hilarity of being a dad today.",2020,PG-13,87,"['documentation', 'comedy', 'family']",['US'],,tt10883124,6.9,1281.0,4.601,6.7
tm679434,Peanuts in Space: Secrets of Apollo 10,MOVIE,"Ron Howard and Jeff Goldblum discuss the 1969 NASA Apollo 10 mission that featured a lunar module named ""Snoopy"" skimming around the moon's surface in preparation for the Apollo 11 moon-landing.",2019,,9,"['family', 'history', 'animation']",['US'],,tt10238966,6.5,137.0,3.298,6.4
ts235703,Oprah Talks COVID-19,SHOW,"How can we mindfully move through a crisis while holding on to ourselves and our humanity? In this series, Oprah has remote conversations with experts and everyday people to provide insight, meaning, and tangible advice for the human spirit.",2020,TV-PG,22,[],['US'],1.0,tt12080818,2.7,119.0,2.91,
ts237068,Helpsters Help You,SHOW,"Cody is a helpful monster who knows that everything starts with a plan. But sometimes things change and you have to make a new one! Broadcasting from the Helpsters shop, Cody shares creative ideas for what to do when life doesn't go as expected.",2020,TV-Y,3,['family'],['US'],1.0,tt12547226,6.1,19.0,2.902,10.0
ts320458,Severance,SHOW,"Mark leads a team of office workers whose memories have been surgically divided between their work and personal lives. When a mysterious colleague appears outside of work, it begins a journey to discover the truth about their jobs.",2022,TV-MA,48,"['drama', 'scifi', 'thriller']",['US'],2.0,tt11280740,8.7,141086.0,61.548,8.351
ts131317,Slow Horses,SHOW,"This quick-witted spy drama follows a dysfunctional team of MI5 agents—and their obnoxious boss, the notorious Jackson Lamb—as they navigate the espionage world’s smoke and mirrors to defend England from sinister forces.",2022,TV-MA,48,"['drama', 'thriller', 'comedy']",['GB'],3.0,tt5875444,7.9,38504.0,65.16,7.6
ts343661,Black Bird,SHOW,"As Jimmy Keene begins a 10-year prison sentence, he gets an incredible offer: If he can elicit a confession from suspected killer Larry Hall, Jimmy will be freed. Completing this mission becomes the challenge of a lifetime.",2022,TV-MA,58,"['drama', 'crime', 'thriller']",['US'],1.0,tt4301160,8.1,71414.0,102.572,8.18
ts313110,Bad Sisters,SHOW,"Follows the Garvey sisters, who are bound together by the death of their parents and a promise to always protect each other.",2022,TV-MA,53,"['thriller', 'comedy', 'drama']","['IE', 'GB']",2.0,tt15469618,8.3,21854.0,18.837,7.5
tm994841,Causeway,MOVIE,"A US soldier suffers a traumatic brain injury while fighting in Afghanistan and struggles to adjust to life back home in New Orleans. When she meets local mechanic James, the pair begin to forge an unexpected bond.",2022,R,96,['drama'],"['US', 'FI']",,tt10192406,6.6,15963.0,37.033,6.7
ts297165,Foundation,SHOW,A complex saga of humans scattered on planets throughout the galaxy all living under the rule of the Galactic Empire.,2021,TV-14,55,"['drama', 'scifi']","['IE', 'US']",2.0,tt0804484,7.4,62754.0,71.03,7.941
ts251336,Echo 3,SHOW,"When brilliant scientist Amber Chesborough vanishes along the Colombia-Venezuela border, her brother and her husband—both elite U.S. Army commandos—struggle to find her amid a guerilla war, discovering that the woman they love might have a secret.",2022,TV-MA,58,"['drama', 'action', 'thriller']","['US', 'CO']",1.0,tt12762512,6.5,7783.0,131.222,7.229
tm983754,CODA,MOVIE,"As a CODA (Child of Deaf Adults), Ruby is the only hearing person in her deaf family. When the family's fishing business is threatened, Ruby finds herself torn between pursuing her love of music and her fear of abandoning her parents.",2021,PG-13,112,"['drama', 'comedy', 'music']","['US', 'FR']",,tt10366460,8.0,140450.0,32.914,8.01
tm1264797,"The Boy, the Mole, the Fox and the Horse",MOVIE,"The unlikely friendship of a boy, a mole, a fox and a horse traveling together in the boy’s search for home.",2022,G,34,"['family', 'action', 'fantasy', 'animation', 'drama', 'comedy']","['GB', 'US']",,tt22667880,7.9,8435.0,35.916,8.61
ts106816,Pachinko,SHOW,"Based on the New York Times bestseller, this sweeping saga chronicles the hopes and dreams of a Korean immigrant family across four generations as they leave their homeland in an indomitable quest to survive and thrive.",2022,TV-MA,55,['drama'],['US'],2.0,tt8888462,8.4,9509.0,29.38,8.167
ts221142,The Mosquito Coast,SHOW,Allie Fox—a brilliant inventor and stubborn idealist—uproots his family for a dangerous quest through Mexico to flee the U.S. government and find safety.,2021,TV-MA,47,"['drama', 'action', 'thriller']",['MX'],2.0,tt11041132,6.8,14137.0,30.57,6.974
ts200606,Shantaram,SHOW,"Escaped convict Lin Ford flees to the teeming streets of 1980s Bombay, looking to disappear. Working as a medic for the city’s poor and neglected, Lin finds unexpected love, connection, and courage on the long road to redemption.",2022,TV-MA,52,"['action', 'crime', 'drama', 'thriller']",['AU'],1.0,tt0429087,7.5,11865.0,56.545,8.2
ts238623,WeCrashed,SHOW,"The greed-filled rise and inevitable fall of WeWork, one of the world's most valuable startups, and the narcissists whose chaotic love made it all possible.",2022,TV-MA,53,['drama'],['US'],1.0,tt12005128,7.3,16843.0,30.263,7.6
ts346042,Loot,SHOW,"After divorcing her husband of 20 years, Molly Novak must figure out what to do with her $87 billion settlement. She decides to reengage with her charitable foundation and reconnect with the real world—finding herself along the way.",2022,TV-MA,27,['comedy'],['US'],1.0,tt14271498,6.7,8310.0,10.316,7.244
ts288676,The Problem With Jon Stewart,SHOW,"It's easy to feel overwhelmed by the world's problems. It's harder to pinpoint the systems responsible for creating them. In this series, Jon Stewart brings together people impacted by different parts of a problem to discuss how we come up with change.",2021,TV-MA,46,['comedy'],['US'],2.0,tt15084142,7.1,1934.0,5.743,7.5
ts251564,The Afterparty,SHOW,"When a high school reunion’s afterparty ends in a stunning death, everyone is a suspect. A detective grills the former classmates one by one, uncovering potential motives as each tells their version of the story—culminating in the shocking truth.",2022,TV-MA,35,"['thriller', 'comedy', 'crime']",['US'],2.0,tt12614214,7.2,13154.0,15.767,7.7
ts224998,Schmigadoon!,SHOW,"In this parody of 1940s musicals, backpacking couple Melissa and Josh get trapped in Schmigadoon, a magical town filled with singing and dancing townspeople, and learn they can't leave without finding true love—which they thought they already had.",2021,TV-14,30,"['comedy', 'fantasy', 'romance']",['CA'],2.0,tt13126498,7.3,10366.0,12.248,7.282
ts309881,Acapulco,SHOW,"Twenty-something Máximo Gallardo's dreams comes true when he gets the job of a lifetime as a cabana boy at the hottest resort in Acapulco. He soon realizes the job is far more complicated than he ever imagined and in order to succeed, he must learn to navigate a demanding clientele, a mercurial mentor, and a complicated home life, without losing his way to shortcuts or temptations.",2021,TV-14,29,['comedy'],['MX'],2.0,tt13567344,7.7,5337.0,82.466,7.3
ts253142,Five Days at Memorial,SHOW,"Based on actual events from Hurricane Katrina. When the floodwaters rose, power failed, and heat soared, exhausted caregivers at a New Orleans hospital were forced to make profound, heart-wrenching decisions.",2022,TV-MA,47,['drama'],['US'],1.0,tt3283594,7.7,11421.0,45.817,7.988
tm1187561,The Greatest Beer Run Ever,MOVIE,"Chickie wants to support his friends fighting in Vietnam, so he does something wild—personally bring them American beer. What starts as a well-meaning journey quickly changes Chickie’s life and perspective. Based on a true story.",2022,R,126,"['drama', 'war', 'comedy']",['US'],,tt10268488,6.8,20125.0,38.801,7.749
ts343868,Prehistoric Planet,SHOW,"Experience the wonders of our world like never before in this epic docuseries from Jon Favreau and the producers of Planet Earth. Travel back 66 million years to when majestic dinosaurs and extraordinary creatures roamed the lands, seas, and skies.",2022,TV-PG,41,"['documentation', 'history', 'animation']",['GB'],1.0,tt10324164,8.5,8392.0,58.814,8.381
tm1164256,Spirited,MOVIE,"Each Christmas Eve, the Ghost of Christmas Present selects one dark soul to be reformed by a visit from three spirits. But this season, he picked the wrong Scrooge. Clint Briggs turns the tables on his ghostly host until Present finds himself reexamining his own past, present and future.",2022,PG-13,127,"['comedy', 'family']",['US'],,tt10999120,6.6,40840.0,55.481,7.0
tm1180268,Raymond & Ray,MOVIE,"Half brothers Raymond and Ray reunite when their estranged father dies—and discover that his final wish was for them to dig his grave. Together, they process who they’ve become as men, both because of their father and in spite of him.",2022,R,106,"['drama', 'comedy']","['US', 'GB']",,tt15334032,6.2,6264.0,19.669,6.8
tm1255679,Selena Gomez: My Mind & Me,MOVIE,"After years in the limelight, Selena Gomez achieves unimaginable stardom. But just as she reaches a new peak, an unexpected turn pulls her into darkness. This uniquely raw and intimate documentary spans her six-year journey into a new light.",2022,R,95,"['music', 'documentation']",['US'],,tt21819250,7.4,4944.0,64.756,8.288
ts251525,Shining Girls,SHOW,"Years after a brutal attack left her in a constantly shifting reality, Kirby Mazrachi learns that a recent murder is linked to her assault. She teams with veteran reporter Dan Velazquez to understand her ever-changing present—and confront her past.",2022,TV-MA,49,"['drama', 'scifi', 'thriller', 'crime']",['US'],1.0,tt2953250,7.4,15871.0,29.351,7.883
tm413096,Finch,MOVIE,"On a post-apocalyptic Earth, a robot, built to protect the life of his dying creator's beloved dog, learns about life, love, friendship, and what it means to be human.",2021,PG-13,115,"['scifi', 'drama']","['IN', 'US']",,tt3420504,6.9,86229.0,94.798,7.99
ts289342,Invasion,SHOW,Earth is visited by an alien species that threatens humanity's existence. Events unfold in real time through the eyes of five ordinary people across the globe as the struggle to make sense of the chaos unraveling around them,2021,TV-MA,51,"['scifi', 'drama', 'fantasy']",['US'],1.0,tt9737326,6.0,29189.0,68.953,7.245
ts314448,Roar,SHOW,"Featuring an all-star cast, this genre-bending anthology series weaves together eight darkly comedic feminist fables that take unexpected approaches to subjects like gender roles, autonomy, and identity.",2022,TV-MA,32,"['drama', 'comedy']",['US'],2.0,tt14161704,5.6,2739.0,13.327,6.1
tm1187578,Emancipation,MOVIE,"Inspired by the gripping true story of a man who would do anything for his family—and for freedom. When Peter, an enslaved man, risks his life to escape and return to his family, he embarks on a perilous journey of love and endurance.",2022,R,132,"['drama', 'thriller', 'action']",['US'],,tt12530246,6.1,21286.0,226.666,8.059
ts272733,Make or Break,SHOW,"From pure elation to devastating heartbreak, follow the world's best surfers as they fight for the championship title.",2022,TV-MA,40,"['documentation', 'sport']",['GB'],2.0,tt13773908,7.8,257.0,29.282,4.5
ts252747,The Essex Serpent,SHOW,"London widow Cora Seaborne moves to Essex to investigate reports of a mythical serpent. She forms an unlikely bond with the village vicar, but when tragedy strikes, locals accuse her of attracting the creature.",2022,TV-14,48,"['drama', 'history', 'fantasy']",['GB'],1.0,tt12976224,6.3,6056.0,9.504,7.2
ts296186,Surface,SHOW,A traumatic head injury leaves Sophie with extreme memory loss. In her quest to put the pieces of her life back together—with help from her husband and friends—Sophie begins to question the truth behind her picture-perfect life.,2022,TV-MA,0,"['drama', 'thriller']",['US'],1.0,tt13694702,6.3,3962.0,16.104,6.3
tm1137983,Cha Cha Real Smooth,MOVIE,"Fresh out of college and stuck at his New Jersey home without a clear path forward, 22-year-old Andrew begins working as a party starter for bar/bat mitzvahs—where he strikes up a unique friendship with a young mom and her teenage daughter.",2022,R,108,"['drama', 'comedy']",['US'],,tt14376344,7.3,21164.0,16.179,7.2
ts236914,The Shrink Next Door,SHOW,"Inspired by the true story of Marty and the therapist who turned his life around...then took it over. When he first meets Dr. Ike, Marty just wants to get better at boundaries. Over 30 years, he'll learn all about them—and what happens when they get crossed.",2021,TV-MA,43,"['drama', 'comedy']",['US'],1.0,tt11947248,7.1,13717.0,12.148,7.462
ts286752,Now and Then,SHOW,"On the eve of college graduation, six best friends embark on an epic weekend to celebrate—but it takes a fatal turn. Nearly 20 years later, the survivors are reluctantly reunited by a blackmail text threatening to expose the truth about that fateful night.",2022,TV-MA,54,"['drama', 'thriller', 'crime']",['ES'],1.0,tt14509156,5.6,845.0,7.812,6.3
tm466906,Luck,MOVIE,"Suddenly finding herself in the never-before-seen Land of Luck, the unluckiest person in the world must unite with the magical creatures there to turn her luck around.",2022,G,105,"['fantasy', 'animation', 'comedy', 'family']","['ES', 'US']",,tt7214954,6.4,21308.0,270.029,7.9
ts273314,Physical,SHOW,"Sheila Rubin is a quietly tormented housewife in ’80s San Diego. Behind closed doors, she battles extreme personal demons and a vicious inner voice. But things change when she discovers aerobics, sparking a journey toward empowerment and success.",2021,TV-MA,29,"['drama', 'comedy']",['US'],2.0,tt11828492,7.3,9972.0,19.914,6.5
ts360077,Gutsy,SHOW,Take an unforgettable journey with Hillary and Chelsea Clinton as they go on adventures with some of the world’s boldest and bravest women—from household names to unsung heroes—who make us laugh and inspire us to be more gutsy.,2022,TV-PG,0,['documentation'],['US'],1.0,tt13655266,4.0,1020.0,2.994,6.0
tm1035207,The Tragedy of Macbeth,MOVIE,"Macbeth, the Thane of Glamis, receives a prophecy from a trio of witches that one day he will become King of Scotland. Consumed by ambition and spurred to action by his wife, Macbeth murders his king and takes the throne for himself.",2021,R,105,"['drama', 'thriller', 'war', 'history', 'comedy', 'romance', 'action']",['US'],,tt10095582,7.1,35765.0,18.643,6.958
ts271337,The Last Days of Ptolemy Grey,SHOW,"Suddenly left without his trusted caretaker, Ptolemy Grey is assigned to the care of orphaned teenager Robyn. When they learn about a treatment that will restore Ptolemy’s dementia-addled memories, it begins a journey toward shocking truths.",2022,TV-MA,52,['drama'],['US'],1.0,tt13820498,7.8,4887.0,9.313,8.0
ts226608,Suspicion,SHOW,"Five ordinary Brits are accused of kidnapping the son of a prominent U.S. media mogul. They embark on a desperate race against time to prove their innocence, but will anyone believe them—and are they telling the truth?",2022,TV-MA,46,"['drama', 'crime', 'thriller']",['GB'],1.0,tt12026710,6.2,8268.0,13.428,7.157
ts366512,Circuit Breakers,SHOW,"Follow the futuristic anthology as it tackles children's issues through a sci-fi lens. But not everything is what it seems, and their curiosity leads to chaos.",2022,TV-G,25,"['family', 'scifi']",['US'],1.0,tt21942776,5.4,176.0,7.177,7.7
ts282250,Calls,SHOW,"Told through a series of interconnected phone conversations, this groundbreaking series chronicles the mysterious story of a group of strangers whose lives are thrown into disarray in the lead-up to an apocalyptic event.",2021,TV-MA,16,"['thriller', 'drama', 'scifi', 'horror', 'animation']",['US'],1.0,tt9327706,7.7,6050.0,14.767,7.01
ts330311,The Big Conn,SHOW,"The unbelievable true story of the larger-than-life attorney, Eric C. Conn, who defrauded the government over half a billion dollars in the largest Social Security fraud case in history.",2022,TV-MA,57,"['documentation', 'crime']",['US'],1.0,tt18265020,7.1,708.0,3.551,6.5
tm937920,Billie Eilish: The World's a Little Blurry,MOVIE,"This documentary offers a deeply intimate look at extraordinary teenager Billie Eilish. Award-winning filmmaker R.J. Cutler follows her journey on the road, onstage, and at home with her family as the writing and recording of her debut album changes her life.",2021,R,140,"['music', 'documentation']",['US'],,tt11459366,7.7,8183.0,12.017,8.5
ts328446,They Call Me Magic,SHOW,"Earvin “Magic” Johnson is an icon for the ages—from humble beginnings to the Dream Team to business titan. Featuring candid interviews with teammates, rivals, family, friends, and more, this docuseries charts the life and career of a legend.",2022,TV-MA,60,"['documentation', 'sport']",['US'],1.0,tt17736322,7.7,1228.0,4.797,7.5
ts317498,The Line,SHOW,"In covert modern warfare, the line between right and wrong has blurred. This docuseries examines the moral ambiguities of war as embodied by the 2018 case in which a U.S. Navy SEAL platoon accused its chief, Eddie Gallagher, of war crimes.",2021,TV-MA,56,"['war', 'documentation', 'crime']",['US'],1.0,tt14475988,7.7,941.0,4.411,8.0
ts189056,Lisey's Story,SHOW,"A widow becomes the object of a dangerous stalker, obsessed with her husband's work.",2021,TV-MA,50,"['horror', 'thriller', 'drama', 'scifi', 'fantasy']",['US'],1.0,tt10151848,5.9,4987.0,11.835,6.1
tm1093800,Come from Away,MOVIE,"7,000 passengers are stranded in the small town of Gander, Newfoundland after all flights into the US are grounded on September 11, 2001. Filmed live on stage at the Gerald Schoenfeld Theater in New York City.",2021,PG-13,107,"['comedy', 'drama']","['CA', 'US']",,tt7638556,8.6,2383.0,3.941,7.9
tm1239630,Sidney,MOVIE,"This revealing documentary honors the legendary Sidney Poitier—iconic actor, filmmaker, and civil rights activist. Featuring interviews with Denzel Washington, Spike Lee, Halle Berry, and more.",2022,PG-13,106,['documentation'],['US'],,tt16977750,7.8,916.0,6.231,7.95
ts237871,Fraggle Rock: Back to the Rock,SHOW,"Join Gobo, Red, Wembley, Mokey, Boober, and new Fraggle friends on hilarious, epic adventures about the magic that happens when we celebrate and care for our interconnected world.",2022,TV-G,27,"['animation', 'comedy', 'family']","['CA', 'US']",1.0,tt12397680,8.1,370.0,8.06,8.889
tm984163,Palmer,MOVIE,"After 12 years in prison, former high school football star Eddie Palmer returns home to put his life back together—and forms an unlikely bond with Sam, an outcast boy from a troubled home. But Eddie's past threatens to ruin his new life and family.",2021,R,110,['drama'],['US'],,tt6857376,7.2,37016.0,16.279,8.0
ts287796,The Me You Can't See,SHOW,Oprah Winfrey and Prince Harry join forces to guide honest discussions about mental health.,2021,TV-MA,62,['documentation'],['US'],1.0,tt14584186,5.5,1906.0,5.172,9.5
ts287281,1971: The Year That Music Changed Everything,SHOW,"An immersive, deep-dive docuseries rich with archival footage and interviews that explores the musicians and soundtracks that shaped the culture and politics of 1971.",2021,TV-MA,45,"['documentation', 'history', 'music']",['US'],1.0,tt14544732,7.6,1470.0,4.849,7.6
ts288083,Watch the Sound with Mark Ronson,SHOW,"Oscar and Grammy Award-winning producer and artist Mark Ronson explores the intersection of technology and musical innovation with his heroes and fellow hitmakers—including Paul McCartney, DJ Premier, Charli XCX, Dave Grohl, and Questlove.",2021,,35,"['documentation', 'music']",['US'],1.0,tt14482570,8.0,713.0,5.754,7.857
tm1247677,Louis Armstrong's Black & Blues,MOVIE,"An intimate and revealing look at the world-changing musician, presented through a lens of archival footage and never-before-heard home recordings and personal conversations. This definitive documentary honors Armstrong's legacy as a founding father of jazz, one of the first internationally known and beloved stars, and a cultural ambassador of the United States.",2022,R,104,"['documentation', 'music']",['US'],,tt14447458,7.3,490.0,4.417,7.0
tm470776,Cherry,MOVIE,"Cherry drifts from college dropout to army medic in Iraq - anchored only by his true love, Emily. But after returning from the war with PTSD, his life spirals into drugs and crime as he struggles to find his place in the world.",2021,R,140,"['drama', 'crime']",['US'],,tt9130508,6.6,33705.0,25.895,7.4
ts94707,Dr. Brain,SHOW,"An emotional journey that follows a brain scientist who is obsessive about figuring out new technologies to access the consciousness and memories of the brain. His life goes sideways when his family falls victim to a mysterious accident, and  he uses his skills to access memories from his wife’s brain to piece together the mystery of what actually happened to his family and why.",2021,TV-MA,57,"['thriller', 'drama', 'scifi']",['KR'],1.0,tt15758760,6.7,2545.0,23.186,7.574
ts221207,Mr. Corman,SHOW,A deep cut into the days and nights of a public schoolteacher in the San Fernando Valley.,2021,TV-MA,29,"['comedy', 'drama']",['US'],1.0,tt10971064,6.5,5544.0,9.871,6.571
tm947517,The Velvet Underground,MOVIE,"Experience the iconic rock band's legacy in the first major documentary to tell their story. Directed with the era’s avant-garde spirit by Todd Haynes, this kaleidoscopic oral history combines exclusive interviews with dazzling archival footage.",2021,R,121,"['documentation', 'music']",['US'],,tt7230750,7.4,4572.0,7.777,6.8
tm995088,The Sky Is Everywhere,MOVIE,"Lennie is a teen musical prodigy grieving the death of her sister when she finds herself caught between a new guy at school and her sister's devastated boyfriend. Through her vivid imagination and conflicted heart, Lennie navigates first love and first loss.",2022,PG-13,103,"['drama', 'romance', 'music']",['US'],,tt2201261,5.6,1436.0,15.347,5.6
tm1125299,Swan Song,MOVIE,"In the near future, Cameron Turner is diagnosed with a terminal illness. Presented with an experimental solution to shield his wife and son from grief, he grapples with altering their fate.",2021,R,112,"['drama', 'romance', 'scifi']",['US'],,tt13207508,6.8,15083.0,17.465,7.3
tm1035374,Fathom,MOVIE,Two biologists set out on an undertaking as colossal as their subjects—deciphering the complex communication of whales. Dr. Michelle Fournet and Dr. Ellen Garland journey to opposite hemispheres to uncover a culture eons older than our own.,2021,PG,86,['documentation'],['US'],,tt13622130,5.7,563.0,8.601,6.5
ts322544,Lincoln's Dilemma,SHOW,"Discover a side of Abraham Lincoln you’ve never seen before. In this four-part docuseries, a diverse panel of historians and rare archival materials offer a more nuanced look into the man dubbed the Great Emancipator.",2022,TV-PG,55,"['documentation', 'history']",['US'],1.0,tt17043406,7.1,375.0,6.076,7.4
ts317074,Swagger,SHOW,"Explore the world of AAU basketball in the nation’s capital, and the players, their families and coaches who walk the fine line between dreams and ambition, and opportunism and corruption.",2021,TV-14,53,"['drama', 'sport']",['US'],2.0,tt8005626,7.2,2020.0,10.777,7.913
ts312116,Amber Brown,SHOW,"Between her parents’ divorce and best friend moving away, Amber Brown is having a tough time. But her art, video diary, and new friend Brandi provide outlets for Amber to express her feelings and find gratitude in the love that surrounds her.",2022,TV-G,25,"['family', 'comedy', 'drama']",['US'],1.0,tt15514598,5.5,186.0,6.226,6.333
tm1117411,'Twas the Fight Before Christmas,MOVIE,"In this true-life twist on a holiday fable, Jeremy Morris brings a whole new meaning to Christmas spirit when his extravagant seasonal display sparks a dispute with his neighbors that lands them all in court.",2021,R,91,['documentation'],['GB'],,tt15353214,6.3,694.0,3.49,6.278
ts308042,Puppy Place,SHOW,"Charles and Lizzie Peterson have found the perfect way to foster their love of dogs — literally. The siblings take on the tough but rewarding task of fostering puppies and finding their forever homes. With every new pup, a new adventure begins.",2021,TV-G,26,[],['US'],2.0,tt15389998,7.2,86.0,3.336,9.5
tm1074442,9/11: Inside the President's War Room,MOVIE,"Experience the events of September 11, 2001 through the eyes of President Bush and his closest advisors as they personally detail the crucial hours and key decisions from that historic day.",2021,PG-13,89,"['history', 'documentation']","['GB', 'US']",,tt15010478,7.5,3091.0,8.732,6.8
tm1031102,The Year Earth Changed,MOVIE,"Never-before-seen footage shows how our living in lockdown opened the door for nature to bounce back and thrive. Across the seas, skies, and lands, Earth found its rhythm when we came to a stop.",2021,PG,48,['documentation'],"['TR', 'GB']",,tt14372240,8.2,4398.0,7.198,8.0
ts287788,"Hello, Jack! The Kindness Show",SHOW,"Preschoolers are invited into a world where a little act of kindness can change the world. Alongside special guest stars, Jack inspires kids to solve problems with kindness and heart while showcasing stories where acts of kindness are shown through “The Three C’s” – caring, connecting and cascading – from one person to another.",2021,TV-Y,22,"['family', 'comedy']",['US'],2.0,tt14676680,8.0,90.0,4.652,5.5
ts320127,Surfside Girls,SHOW,Quick wits lead to daring discoveries for beachside besties Sam and Jade as they sleuth out supernatural mysteries in their sleepy hometown of Surfside. Based on the best-selling young adult graphic novels.,2022,TV-G,30,"['thriller', 'family']",['US'],1.0,tt16390162,6.5,347.0,5.204,6.273
ts356319,Life by Ella,SHOW,"After a life-changing experience, 13-year-old Ella is eager to seize the day. As she learns to appreciate each moment, she faces the fears that once defined her—and encourages others to do the same.",2022,TV-G,30,"['drama', 'comedy']",['US'],1.0,tt20230770,5.8,152.0,4.653,7.0
ts314123,Harriet the Spy,SHOW,"Outspoken and perpetually curious. That’s 11-year-old Harriet in a nutshell. But if she’s going to be Harriet M. Welsch, future writer, she’ll need to know everything. And to know everything means she’ll need to spy…on everyone.",2021,,23,['animation'],['US'],2.0,,,,16.744,7.0
ts350046,Lovely Little Farm,SHOW,"Nestled in lavender fields is a lovely little farm where sisters Jill and Jacky nurture and love all their animals—including the talking ones. Being a young farmer isn’t easy, but every day brings adventure and a chance to grow.",2022,TV-Y,25,['family'],['US'],1.0,tt20218952,8.0,63.0,3.904,7.333
ts359674,Best Foot Forward,SHOW,"From homeschooled to the new kid in school, Josh is stepping into a whole new adventure.",2022,TV-G,0,"['family', 'comedy', 'drama']",['US'],1.0,tt20414738,7.2,199.0,4.365,5.0
tm1047516,"Who Are You, Charlie Brown?",MOVIE,"A documentary about Peanuts and its creator, Charles M. Schulz. Famous fans—including Drew Barrymore, Kevin Smith, and Al Roker—share its influence on them, and a new animated story finds Charlie Brown on a quest.",2021,G,61,"['documentation', 'animation']","['CA', 'US']",,tt14784858,7.2,558.0,6.9,6.9
ts343660,The Long Game: Bigger Than Basketball,SHOW,Makur Maker was a five-star NBA prospect headed to the Draft—until an unexpected detour led him to Howard University. This inspiring docuseries follows Makur’s journey and his determination to rewrite his story with the help of his family.,2022,TV-14,50,"['documentation', 'sport']",['US'],1.0,tt19315748,,,4.13,4.5
ts255273,The Snoopy Show,SHOW,"The world’s most iconic dog is ready for his close-up. Dive into new adventures with the happy-dancing, high-flying, big-dreaming beagle, who's joined by best friend Woodstock and rest of the Peanuts gang.",2021,TV-G,22,"['animation', 'comedy', 'family', 'action']",['US'],2.0,tt13210350,8.1,534.0,82.921,7.7
tm1210009,Snoopy Presents: Lucy's School,MOVIE,"The Peanuts gang is nervous about going to a new school, so Lucy starts her own. She soon learns that teaching is tougher than she thought—and that change can be a good thing.",2022,G,38,"['animation', 'family', 'comedy']","['US', 'CA']",,tt21405896,6.6,175.0,27.694,7.3
tm1109759,Snoopy Presents: For Auld Lang Syne,MOVIE,"After finding out her grandmother won't be visiting for Christmas, Lucy decides to cheer herself up by throwing the ultimate New Year's Eve party. Meanwhile, Charlie Brown tries to fulfill one of his resolutions before the clock strikes midnight.",2021,G,39,"['animation', 'comedy', 'family']",['CA'],,tt15553258,6.9,583.0,20.613,7.3
tm1080335,Blush,MOVIE,"When a horticulturalist-astronaut crashes onto a desolate planet, he encounters an ethereal visitor and discovers the joy of building a new life—realizing the universe has delivered something astonishing.",2021,,11,"['animation', 'scifi']","['ES', 'US']",,tt14460998,8.0,,10.41,7.9
ts308015,Wolfboy and The Everything Factory,SHOW,"William Wolfe is no ordinary human boy. Down in the magical spryte realm of the Everything Factory, he’s Wolfboy. And with his new spryte friends, he learns his vivid imagination and limitless creativity have the power to change the world.",2021,TV-Y7,12,"['animation', 'comedy', 'family', 'fantasy']",['US'],2.0,tt15389676,7.7,178.0,9.072,8.0
ts328195,Pretzel and the Puppies,SHOW,"Meet Pretzel, the world’s longest dachshund and a playful, supportive dad to five frisky puppies. Together with his wife, Greta, they encourage their pups to get their paws up to solve problems and “make their bark” on the world.",2022,TV-Y,23,"['animation', 'family']","['CA', 'US']",2.0,tt17524490,7.7,58.0,8.182,7.3
tm1183175,"Snoopy Presents: It’s the Small Things, Charlie Brown",MOVIE,"Charlie Brown is determined to win the big baseball game. But things turn into a fiasco right before the matchup, when Sally bonds with a little flower on the pitcher’s mound and vows to protect it at all costs.",2022,,38,"['animation', 'family']","['US', 'CA']",,tt19316654,6.7,224.0,7.889,7.0
ts364251,Interrupting Chicken,SHOW,"A young little chicken named Piper has a habit of interrupting storytime! Every time Piper hears a story, she can’t help but jump in, ask questions and let her imagination run wild as she tries to fill in details, guess what happens next or insert herself in the middle of the action to help save the day.",2022,TV-Y,12,"['animation', 'family']",['US'],1.0,tt21942798,6.4,30.0,6.576,6.0
ts308044,Get Rolling with Otis,SHOW,"Welcome to Long Hill Dairy Farm, home to Otis the tractor and all his friends. Otis may be little, but he has a big heart. Whenever he sees a friend in need, he hits the brakes to see what’s wrong and rolls into action to help.",2021,TV-Y,12,"['animation', 'comedy', 'family']",['IE'],2.0,tt15389898,8.3,55.0,6.417,6.5
tm1183293,"Snoopy Presents: To Mom (and Dad), With Love",MOVIE,"Mother’s Day is almost here, and the gang is excited—except Peppermint Patty. For her, it’s a reminder that she didn’t grow up with a mom. But good pal Marcie helps Peppermint Patty see that families come in all shapes and sizes.",2022,G,38,"['animation', 'comedy', 'family']","['US', 'CA']",,tt19866966,7.1,185.0,5.206,5.9
ts342889,Pinecone & Pony,SHOW,"Based on Kate Beaton’s children’s picture book “The Princess and the Pony,” Pinecone & Pony is an adventure led by two independent warriors who are fearlessly themselves.",2022,TV-Y,11,"['family', 'fantasy', 'animation', 'comedy']",['CA'],2.0,tt18830366,6.4,117.0,5.051,2.0
ts350479,Sago Mini Friends,SHOW,"Welcome to Sagoville, where Harvey loves to play and discover ways to have silly fun! He and his closest friends explore, imagine, and express true thankfulness for all things, big and small, through creative adventures and unforgettable songs.",2022,TV-Y,11,"['animation', 'comedy', 'family']",['US'],1.0,tt19770764,8.5,33.0,4.947,6.0
ts113822,Duck & Goose,SHOW,"Feathered friends Duck and Goose couldn’t be more different, but in this preschool show, they learn how to bring out the best in one another. Based on books by Tad Hills.",2022,TV-Y,0,"['animation', 'family']",['US'],1.0,tt7999864,7.9,37.0,3.945,2.0
ts320389,El Deafo,SHOW,"Going to school and making new friends can be tough. Having to do both while wearing a bulky hearing aid on your chest? That takes superpowers! With a little help from her superhero alter ego, El Deafo, Cece learns to embrace her differences.",2022,TV-G,26,"['comedy', 'family', 'animation']",['US'],1.0,tt16432198,8.4,111.0,3.473,5.0
ts364250,Slumberkins,SHOW,"Embark on adventures with Bigfoot, Unicorn, Sloth, Yak, and Fox as they explore a world of feelings in this Jim Henson Company series that brings the emotional learning of Slumberkins to life.",2022,TV-Y,0,"['fantasy', 'animation', 'comedy', 'family']",['US'],1.0,tt21942724,9.5,62.0,3.36,
tm1129563,Mariah's Christmas: The Magic Continues,MOVIE,"The Queen of Christmas returns with a blast of holiday cheer in this special. Mariah performs her enchanting original song “Fall in Love at Christmas” with Khalid and Kirk Franklin, chats with Apple Music’s Zane Lowe, and signs off with a festive classic.",2021,G,18,"['music', 'family']",['US'],,tt15829598,4.9,216.0,3.318,4.833
ts314105,Shrinking,SHOW,"Jimmy is struggling to grieve the loss of his wife while being a dad, friend, and therapist. He decides to try a new approach with everyone in his path: unfiltered, brutal honesty. Can he help himself by helping others? Will it bring him back into the light?",2023,TV-MA,55,"['comedy', 'drama']",['US'],1.0,tt15677150,7.9,13799.0,83.362,7.7
ts288980,Hello Tomorrow!,SHOW,"In a retro-future world, a group of traveling salesmen hawk lunar timeshares. Among them is Jack, a salesman of great talent and ambition, whose unshakeable faith in a brighter tomorrow inspires his coworkers, revitalizes his desperate customers but threatens to leave him dangerously lost in the very dream that sustains him.",2023,TV-MA,0,"['drama', 'scifi', 'comedy']",['US'],1.0,tt14596212,6.3,1562.0,51.315,6.8
tm1003483,Sharper,MOVIE,"Motivations are suspect, and expectations are turned chaos, as a con artist takes on Manhattan billionaires.",2023,R,116,"['crime', 'drama', 'thriller']",['US'],,tt12573454,6.6,13245.0,161.468,7.126
ts328281,Dear Edward,SHOW,"A 12-year-old boy survives a plane crash that kills every other passenger on the flight, including his family. As he and others affected by the tragedy try to make sense of what happened, unexpected friendships, romances, and communities are formed.",2023,TV-MA,0,['drama'],['US'],1.0,tt17543896,7.4,1324.0,37.81,2.0
ts316895,The Reluctant Traveler with Eugene Levy,SHOW,Award-winning actor and nervous explorer Eugene Levy steps out of his comfort zone for a whirlwind tour of the world’s most beautiful and intriguing destinations.,2023,TV-PG,35,"['documentation', 'reality']",['GB'],1.0,tt15822846,7.8,473.0,13.892,6.8
ts296808,Liaison,SHOW,"This contemporary thriller explores how past mistakes have the potential to destroy the future. It blends action with an unpredictable plot in which espionage and political intrigue play out against a story of passionate, enduring love.",2023,TV-MA,51,"['crime', 'thriller']","['FR', 'GB']",1.0,tt14792896,6.3,549.0,84.911,6.1
ts374301,Super League: The War For Football,SHOW,"The past, present, and future of European football collide when plans for a breakaway league emerge, leaving the game’s most powerful leaders to defend—or upend—the traditions of the sport.",2023,TV-MA,0,"['documentation', 'sport']",['US'],1.0,tt24587530,7.4,414.0,6.8,6.7
ts377681,Shape Island,SHOW,"On a charming island, Square, Triangle, and Circle seek adventure and connection while learning how to navigate each other’s differences. Based on the internationally best-selling books by Mac Barnett and Jon Klassen.",2023,TV-G,24,"['family', 'animation', 'fantasy', 'comedy']",['US'],1.0,tt25515858,7.6,121.0,18.529,9.2
